004950117_00580_02.jpg	None
004950117_00569_00.jpg	Barber
004950117_00546_00.jpg	none
004950117_00517_37.jpg	Clerk
004950117_00511_43.jpg	none
004950117_00635_02.jpg	None
004950117_00602_25.jpg	Truck Driver
004950117_00578_47.jpg	None
004950117_00595_14.jpg	Trucking
004950117_00593_39.jpg	None
004950117_00618_18.jpg	None
004950117_00578_28.jpg	None
004950117_00630_37.jpg	None
004950117_00533_01.jpg	none
004950117_00607_00.jpg	None
004950117_00591_20.jpg	None
004950117_00586_35.jpg	None
004950117_00593_20.jpg	Agent
004950117_00611_15.jpg	None
004950117_00597_46.jpg	None
004950117_00614_30.jpg	None
004950117_00545_19.jpg	Laborer
004950117_00581_37.jpg	None
004950117_00587_02.jpg	Carpenter
004950117_00617_04.jpg	None
004950117_00562_31.jpg	Laborer
004950117_00613_39.jpg	None
004950117_00520_28.jpg	none
004950117_00514_44.jpg	none
004950117_00580_15.jpg	None
004950117_00615_01.jpg	None
004950117_00606_42.jpg	None
004950117_00627_36.jpg	None
004950117_00529_49.jpg
004950117_00636_47.jpg	None
004950117_00638_12.jpg	Laborer
004950117_00578_16.jpg	None
004950117_00562_17.jpg	Laborer
004950117_00638_28.jpg	None
004950117_00593_41.jpg	None
004950117_00566_02.jpg	Teacher
004950117_00511_06.jpg	none
004950117_00559_45.jpg	Clerk
004950117_00553_41.jpg	none
004950117_00560_33.jpg	none
004950117_00525_17.jpg	none
004950117_00570_44.jpg	Cashier
004950117_00624_20.jpg	Cafe owner
004950117_00593_19.jpg	Salesman
004950117_00581_26.jpg	None
004950117_00522_07.jpg	none
004950117_00579_45.jpg	Plasterer
004950117_00548_15.jpg	none
004950117_00591_44.jpg	Proprietor
004950117_00612_42.jpg	None
004950117_00581_11.jpg	None
004950117_00520_13.jpg	none
004950117_00626_38.jpg	None
004950117_00534_38.jpg	none
004950117_00599_45.jpg	Dress-maker
004950117_00516_18.jpg	none
004950117_00574_25.jpg
004950117_00627_09.jpg	None
004950117_00633_22.jpg	Milker
004950117_00626_16.jpg	Oil worker
004950117_00559_04.jpg	none
004950117_00620_27.jpg	None
004950117_00541_21.jpg	Farmer
004950117_00642_03.jpg	None
004950117_00578_40.jpg	None
004950117_00560_41.jpg	Laborer
004950117_00528_08.jpg
004950117_00539_46.jpg	Mechanic
004950117_00519_46.jpg	Carpenter
004950117_00636_28.jpg	None
004950117_00551_28.jpg	none
004950117_00575_08.jpg	None
004950117_00586_36.jpg	None
004950117_00577_15.jpg	None
004950117_00596_02.jpg	None
004950117_00550_19.jpg	none
004950117_00616_06.jpg	None
004950117_00613_34.jpg	salesman
004950117_00566_40.jpg	Teacher
004950117_00605_27.jpg	None
004950117_00584_11.jpg	None
004950117_00524_08.jpg	Laborer
004950117_00610_35.jpg	None
004950117_00617_17.jpg	Farm hand
004950117_00538_48.jpg	none
004950117_00637_11.jpg	None
004950117_00584_00.jpg	Trained Nurse
004950117_00558_29.jpg	Laborer
004950117_00632_09.jpg	None
004950117_00603_38.jpg	None
004950117_00594_32.jpg	Dealer
004950117_00537_10.jpg	Proprietor
004950117_00574_32.jpg
004950117_00631_21.jpg	None
004950117_00626_15.jpg	None
004950117_00556_33.jpg	none
004950117_00600_12.jpg	None
004950117_00634_30.jpg	Farm Laborer
004950117_00575_39.jpg	Salesman
004950117_00534_03.jpg	none
004950117_00619_17.jpg	Dairy operator
004950117_00619_29.jpg	None
004950117_00585_45.jpg	None
004950117_00591_23.jpg	None
004950117_00642_04.jpg	None
004950117_00545_43.jpg	none
004950117_00583_14.jpg	Contractor
004950117_00627_24.jpg	Laborer
004950117_00559_10.jpg	none
004950117_00620_31.jpg	None
004950117_00563_48.jpg	Laborer
004950117_00508_44.jpg
004950117_00605_11.jpg	None
004950117_00633_08.jpg	Milker
004950117_00622_45.jpg
004950117_00511_22.jpg	Longshoreman
004950117_00638_01.jpg	Merchant
004950117_00603_07.jpg	None
004950117_00587_46.jpg	None
004950117_00551_26.jpg	Laborer
004950117_00601_06.jpg	None
004950117_00544_09.jpg	none
004950117_00516_29.jpg	none
004950117_00610_24.jpg	seamanstress
004950117_00576_09.jpg	None
004950117_00545_02.jpg	none
004950117_00605_20.jpg	None
004950117_00543_33.jpg	Secretary
004950117_00535_40.jpg	none
004950117_00609_29.jpg	None
004950117_00626_18.jpg	None
004950117_00522_37.jpg	Forelady
004950117_00614_31.jpg	None
004950117_00583_04.jpg	None
004950117_00511_45.jpg	none
004950117_00574_45.jpg
004950117_00563_14.jpg	Laborer
004950117_00591_26.jpg	None
004950117_00549_24.jpg	none
004950117_00512_34.jpg	none
004950117_00569_47.jpg	none
004950117_00542_33.jpg	Carpenter
004950117_00621_16.jpg	None
004950117_00616_42.jpg	laborer
004950117_00570_21.jpg	none
004950117_00589_34.jpg	Dealer
004950117_00549_04.jpg	none
004950117_00554_40.jpg	none
004950117_00597_32.jpg	None
004950117_00609_03.jpg	Machinist
004950117_00540_26.jpg	none
004950117_00591_40.jpg	Driver
004950117_00577_24.jpg	None
004950117_00608_14.jpg	laborer
004950117_00570_35.jpg	retired
004950117_00560_46.jpg	none
004950117_00534_41.jpg	Pipe Fitter
004950117_00519_14.jpg	none
004950117_00524_11.jpg	none
004950117_00587_30.jpg	None
004950117_00550_10.jpg	none
004950117_00627_12.jpg	Clerk
004950117_00574_33.jpg
004950117_00621_48.jpg	none
004950117_00636_24.jpg	None
004950117_00528_06.jpg
004950117_00595_30.jpg	None
004950117_00629_37.jpg	None
004950117_00544_40.jpg	none
004950117_00557_29.jpg	none
004950117_00513_28.jpg	none
004950117_00579_20.jpg	None
004950117_00530_04.jpg
004950117_00618_16.jpg	None
004950117_00639_33.jpg	None
004950117_00553_47.jpg	none
004950117_00545_45.jpg	none
004950117_00625_30.jpg	None
004950117_00545_24.jpg
004950117_00544_23.jpg	none
004950117_00616_00.jpg	plumber
004950117_00572_39.jpg	none
004950117_00637_21.jpg	None
004950117_00555_33.jpg	none
004950117_00543_09.jpg	none
004950117_00605_13.jpg	None
004950117_00566_43.jpg	none
004950117_00513_03.jpg	none
004950117_00520_05.jpg	none
004950117_00581_13.jpg	Plasterer
004950117_00627_22.jpg	None
004950117_00525_00.jpg	none
004950117_00515_37.jpg	none
004950117_00546_35.jpg	none
004950117_00544_46.jpg	none
004950117_00561_36.jpg	none
004950117_00611_40.jpg	None
004950117_00562_10.jpg	none
004950117_00627_46.jpg	Retired
004950117_00600_49.jpg
004950117_00513_45.jpg	none
004950117_00621_42.jpg	None
004950117_00575_45.jpg	None
004950117_00556_16.jpg	none
004950117_00589_48.jpg	None
004950117_00549_00.jpg	Salesman
004950117_00617_22.jpg	none
004950117_00594_05.jpg	Carpenter
004950117_00537_00.jpg	none
004950117_00609_30.jpg	None
004950117_00618_45.jpg	None
004950117_00626_06.jpg	Farm Laborer
004950117_00523_44.jpg	none
004950117_00626_45.jpg	Dairy Man
004950117_00583_46.jpg	None
004950117_00528_31.jpg
004950117_00524_13.jpg	Packer
004950117_00520_43.jpg	Gas man
004950117_00589_42.jpg	Salesman
004950117_00562_07.jpg	none
004950117_00557_48.jpg	none
004950117_00590_06.jpg	None
004950117_00538_06.jpg	none
004950117_00517_11.jpg	none
004950117_00608_24.jpg	None
004950117_00554_17.jpg	Laborer
004950117_00582_00.jpg	None
004950117_00598_26.jpg	None
004950117_00581_07.jpg	None
004950117_00632_27.jpg	Dairy Man
004950117_00607_12.jpg	None
004950117_00573_25.jpg
004950117_00629_22.jpg	None
004950117_00617_43.jpg	None
004950117_00585_41.jpg	None
004950117_00546_45.jpg	none
004950117_00519_48.jpg	none
004950117_00602_49.jpg	None
004950117_00590_23.jpg	None
004950117_00588_14.jpg	None
004950117_00512_05.jpg	Seaman
004950117_00555_00.jpg	none
004950117_00543_16.jpg	none
004950117_00513_16.jpg	Laborer
004950117_00583_48.jpg	Laborer
004950117_00530_16.jpg
004950117_00513_33.jpg	Porter
004950117_00605_05.jpg	None
004950117_00580_25.jpg	None
004950117_00617_36.jpg	None
004950117_00639_05.jpg	None
004950117_00524_14.jpg	none
004950117_00562_39.jpg	none
004950117_00553_17.jpg	truck driver
004950117_00578_09.jpg	None
004950117_00615_25.jpg	none
004950117_00529_16.jpg	Teacher
004950117_00605_33.jpg	None
004950117_00553_14.jpg	none
004950117_00554_03.jpg	Laborer
004950117_00574_43.jpg
004950117_00615_15.jpg	None
004950117_00558_32.jpg	none
004950117_00568_09.jpg	Laborer
004950117_00518_39.jpg	none
004950117_00563_25.jpg	none
004950117_00550_37.jpg	none
004950117_00629_40.jpg	None
004950117_00521_16.jpg	none
004950117_00530_28.jpg
004950117_00641_04.jpg	Laborer
004950117_00552_22.jpg	none
004950117_00591_04.jpg	None
004950117_00542_21.jpg	none
004950117_00511_07.jpg	none
004950117_00513_01.jpg	none
004950117_00596_07.jpg	None
004950117_00616_49.jpg	none
004950117_00553_03.jpg	none
004950117_00558_39.jpg	Laborer
004950117_00638_21.jpg	Laborer
004950117_00555_24.jpg	none
004950117_00543_31.jpg	none
004950117_00547_42.jpg	none
004950117_00607_49.jpg	None
004950117_00580_18.jpg	None
004950117_00632_44.jpg	None
004950117_00560_00.jpg	Truck driver
004950117_00635_01.jpg	None
004950117_00621_38.jpg	laborer
004950117_00620_47.jpg	None
004950117_00589_00.jpg	Surgeon
004950117_00585_48.jpg	None
004950117_00569_36.jpg	none
004950117_00540_14.jpg	Baker
004950117_00627_25.jpg	Milker
004950117_00599_16.jpg	None
004950117_00530_40.jpg
004950117_00585_24.jpg	None
004950117_00594_42.jpg	None
004950117_00534_30.jpg	none
004950117_00581_00.jpg	None
004950117_00571_35.jpg	none
004950117_00624_48.jpg	Hotel Manager
004950117_00535_32.jpg	none
004950117_00607_22.jpg	None
004950117_00524_28.jpg	none
004950117_00604_10.jpg	None
004950117_00586_12.jpg	Dress-maker
004950117_00623_10.jpg	None
004950117_00541_19.jpg	none
004950117_00542_42.jpg	none
004950117_00600_34.jpg	None
004950117_00602_29.jpg	Stenographer
004950117_00568_18.jpg	Laborer
004950117_00581_34.jpg	None
004950117_00530_13.jpg
004950117_00539_11.jpg	none
004950117_00540_19.jpg	none
004950117_00606_15.jpg	None
004950117_00596_11.jpg	Book-keeper
004950117_00513_30.jpg	none
004950117_00593_16.jpg	None
004950117_00579_29.jpg	None
004950117_00552_06.jpg	Laborer
004950117_00524_23.jpg	Laborer
004950117_00527_21.jpg	seaman
004950117_00599_49.jpg	None
004950117_00628_32.jpg	None
004950117_00579_24.jpg	None
004950117_00512_06.jpg	Proprietor
004950117_00521_04.jpg	none
004950117_00556_45.jpg	none
004950117_00611_26.jpg	Broker
004950117_00610_23.jpg	None
004950117_00523_22.jpg	none
004950117_00585_20.jpg	None
004950117_00586_49.jpg	Conductor
004950117_00553_09.jpg	none
004950117_00621_45.jpg	none
004950117_00523_02.jpg	none
004950117_00519_38.jpg	none
004950117_00560_31.jpg	Laborer
004950117_00517_39.jpg	none
004950117_00558_21.jpg	none
004950117_00586_09.jpg	None
004950117_00551_45.jpg	none
004950117_00516_04.jpg	none
004950117_00559_01.jpg	none
004950117_00641_36.jpg	Laborer
004950117_00538_47.jpg	none
004950117_00516_39.jpg	none
004950117_00574_30.jpg
004950117_00588_48.jpg	Book-keeper
004950117_00582_06.jpg	None
004950117_00550_20.jpg	none
004950117_00640_06.jpg	None
004950117_00612_28.jpg	None
004950117_00546_23.jpg	none
004950117_00549_42.jpg	none
004950117_00605_41.jpg	None
004950117_00513_43.jpg	none
004950117_00562_19.jpg	none
004950117_00551_33.jpg	none
004950117_00515_23.jpg	none
004950117_00636_01.jpg	None
004950117_00603_19.jpg	None
004950117_00546_33.jpg	none
004950117_00521_35.jpg	None
004950117_00606_33.jpg	None
004950117_00553_40.jpg	none
004950117_00533_29.jpg	none
004950117_00540_23.jpg	Truck driver
004950117_00511_05.jpg	none
004950117_00567_19.jpg	Truck driver
004950117_00562_02.jpg	none
004950117_00517_42.jpg	none
004950117_00602_34.jpg	Laborer
004950117_00510_18.jpg	none
004950117_00616_23.jpg	None
004950117_00582_44.jpg	None
004950117_00512_25.jpg	none
004950117_00616_18.jpg	None
004950117_00519_16.jpg	none
004950117_00590_26.jpg	Laborer
004950117_00538_13.jpg	Housekeeper
004950117_00554_41.jpg	none
004950117_00549_43.jpg	none
004950117_00549_12.jpg	none
004950117_00638_15.jpg
004950117_00632_02.jpg	Milker
004950117_00521_20.jpg	none
004950117_00635_05.jpg	None
004950117_00555_31.jpg	Laborer
004950117_00597_28.jpg	None
004950117_00577_45.jpg	None
004950117_00525_21.jpg	none
004950117_00581_05.jpg	None
004950117_00558_09.jpg	Laborer
004950117_00550_33.jpg	none
004950117_00539_17.jpg	none
004950117_00565_48.jpg	Milk man
004950117_00520_22.jpg	none
004950117_00548_19.jpg	blacksmith
004950117_00562_40.jpg	none
004950117_00558_05.jpg	Laborer
004950117_00515_25.jpg	none
004950117_00542_30.jpg	none
004950117_00616_28.jpg	Farmer
004950117_00568_30.jpg	none
004950117_00640_49.jpg	Merchant
004950117_00585_36.jpg	None
004950117_00555_47.jpg	none
004950117_00604_12.jpg	None
004950117_00576_33.jpg	None
004950117_00587_32.jpg	None
004950117_00608_01.jpg	None
004950117_00556_05.jpg	none
004950117_00622_23.jpg	none
004950117_00512_33.jpg	none
004950117_00513_09.jpg	Electrician
004950117_00595_38.jpg	None
004950117_00612_38.jpg	saleslady
004950117_00547_22.jpg	none
004950117_00606_24.jpg	None
004950117_00539_45.jpg	none
004950117_00577_07.jpg	Carpenter
004950117_00632_29.jpg	None
004950117_00617_20.jpg	None
004950117_00628_02.jpg	None
004950117_00618_42.jpg	None
004950117_00533_26.jpg	Mechanic
004950117_00521_02.jpg	none
004950117_00597_37.jpg	None
004950117_00613_11.jpg	tile setter
004950117_00558_24.jpg	none
004950117_00584_19.jpg	None
004950117_00537_16.jpg	none
004950117_00534_07.jpg	Painter
004950117_00560_28.jpg	none
004950117_00597_06.jpg	Contractor
004950117_00553_45.jpg	none
004950117_00616_26.jpg	Farmer
004950117_00612_33.jpg	waitress
004950117_00573_31.jpg
004950117_00541_35.jpg	cigar store
004950117_00613_12.jpg	None
004950117_00569_07.jpg	none
004950117_00563_41.jpg	rancher
004950117_00621_47.jpg	none
004950117_00541_41.jpg	none
004950117_00556_11.jpg	none
004950117_00544_22.jpg	Laborer
004950117_00521_07.jpg	none
004950117_00511_49.jpg	none
004950117_00601_05.jpg	None
004950117_00555_09.jpg	Laborer
004950117_00556_04.jpg	none
004950117_00557_18.jpg	Laborer
004950117_00581_20.jpg	Agent
004950117_00579_43.jpg	None
004950117_00580_06.jpg	Driver
004950117_00583_02.jpg	Laborer
004950117_00582_13.jpg	None
004950117_00519_30.jpg	Plumber
004950117_00569_15.jpg	Laborer
004950117_00622_12.jpg	None
004950117_00598_18.jpg	None
004950117_00601_18.jpg	None
004950117_00534_37.jpg	Barber
004950117_00606_14.jpg	None
004950117_00549_23.jpg	none
004950117_00567_25.jpg	none
004950117_00558_33.jpg	none
004950117_00510_48.jpg	none
004950117_00547_17.jpg	Carpenter
004950117_00551_13.jpg	none
004950117_00640_02.jpg	Laborer
004950117_00559_08.jpg	none
004950117_00604_20.jpg	None
004950117_00586_32.jpg	None
004950117_00560_37.jpg	none
004950117_00520_10.jpg	none
004950117_00632_03.jpg	Farm Laborer
004950117_00634_33.jpg	None
004950117_00576_26.jpg	Laborer
004950117_00630_24.jpg	None
004950117_00592_18.jpg	Typist
004950117_00545_32.jpg	none
004950117_00592_25.jpg	None
004950117_00576_14.jpg	None
004950117_00514_01.jpg	Lumberman
004950117_00628_06.jpg	Laborer
004950117_00602_22.jpg	None
004950117_00544_19.jpg	none
004950117_00524_06.jpg	none
004950117_00579_09.jpg	None
004950117_00622_32.jpg
004950117_00589_43.jpg	Teacher
004950117_00530_46.jpg
004950117_00622_21.jpg	Foreman
004950117_00519_07.jpg	none
004950117_00636_45.jpg	None
004950117_00596_29.jpg	None
004950117_00561_42.jpg	none
004950117_00543_39.jpg	Salesman
004950117_00516_25.jpg	none
004950117_00511_02.jpg	none
004950117_00620_43.jpg	Foreman
004950117_00555_12.jpg	none
004950117_00622_34.jpg
004950117_00518_15.jpg	none
004950117_00534_49.jpg	none
004950117_00609_35.jpg	None
004950117_00610_45.jpg	None
004950117_00530_00.jpg
004950117_00547_21.jpg	none
004950117_00530_34.jpg
004950117_00545_38.jpg	none
004950117_00557_42.jpg	none
004950117_00567_33.jpg	none
004950117_00541_40.jpg	none
004950117_00568_28.jpg	Laborer
004950117_00524_44.jpg	none
004950117_00513_31.jpg	none
004950117_00578_08.jpg	None
004950117_00549_20.jpg	none
004950117_00618_05.jpg	None
004950117_00509_11.jpg	none
004950117_00625_22.jpg	Laborer
004950117_00600_29.jpg	Secretary
004950117_00549_49.jpg	none
004950117_00528_41.jpg
004950117_00582_35.jpg	None
004950117_00608_10.jpg	Clerk
004950117_00560_15.jpg	none
004950117_00511_20.jpg	Longshoreman
004950117_00628_48.jpg	None
004950117_00533_23.jpg	none
004950117_00616_01.jpg	None
004950117_00639_02.jpg	Barber
004950117_00597_25.jpg	None
004950117_00634_22.jpg	None
004950117_00631_08.jpg	None
004950117_00509_01.jpg	none
004950117_00548_36.jpg	truck driver
004950117_00587_00.jpg	None
004950117_00544_37.jpg	none
004950117_00584_44.jpg	Clerk
004950117_00559_21.jpg	none
004950117_00610_46.jpg	None
004950117_00612_30.jpg	None
004950117_00563_40.jpg	retired
004950117_00629_23.jpg	Laborer
004950117_00606_07.jpg	Carpenter
004950117_00567_49.jpg	none
004950117_00549_14.jpg	Mechanic
004950117_00595_10.jpg	None
004950117_00613_01.jpg	None
004950117_00581_23.jpg	None
004950117_00601_24.jpg	None
004950117_00551_27.jpg	none
004950117_00631_42.jpg	None
004950117_00611_19.jpg	Farmer
004950117_00547_37.jpg	none
004950117_00560_42.jpg	none
004950117_00512_45.jpg	none
004950117_00520_45.jpg	none
004950117_00519_20.jpg	none
004950117_00517_38.jpg	none
004950117_00601_07.jpg	Painter
004950117_00577_44.jpg	Manager
004950117_00519_11.jpg	Laborer
004950117_00608_19.jpg	Maid
004950117_00640_13.jpg	None
004950117_00633_04.jpg	Milker
004950117_00613_26.jpg	foreman
004950117_00539_28.jpg	Truck driver
004950117_00613_22.jpg	none
004950117_00579_18.jpg	Dentist
004950117_00586_16.jpg	None
004950117_00626_43.jpg	None
004950117_00556_24.jpg	none
004950117_00635_20.jpg	Carpenter
004950117_00596_25.jpg	None
004950117_00560_06.jpg	none
004950117_00636_19.jpg	None
004950117_00642_06.jpg	Laborer
004950117_00539_03.jpg	Salesman
004950117_00621_21.jpg	None
004950117_00544_35.jpg	none
004950117_00621_17.jpg	None
004950117_00553_11.jpg	none
004950117_00586_01.jpg	None
004950117_00559_41.jpg	Laborer
004950117_00595_28.jpg	None
004950117_00555_43.jpg	Laborer
004950117_00511_40.jpg	Truck Driver
004950117_00571_32.jpg	none
004950117_00571_00.jpg	Clerk
004950117_00572_17.jpg	none
004950117_00560_20.jpg	none
004950117_00530_05.jpg
004950117_00611_23.jpg	None
004950117_00540_17.jpg	Retired
004950117_00514_41.jpg	Merchant
004950117_00599_22.jpg	None
004950117_00602_00.jpg	None
004950117_00561_40.jpg	none
004950117_00636_22.jpg	None
004950117_00562_30.jpg	none
004950117_00537_46.jpg	none
004950117_00636_42.jpg	None
004950117_00562_20.jpg	none
004950117_00602_11.jpg	None
004950117_00554_22.jpg	none
004950117_00522_12.jpg	Truck Driver
004950117_00518_33.jpg	Laborer
004950117_00545_09.jpg	none
004950117_00573_02.jpg
004950117_00526_33.jpg	none
004950117_00571_17.jpg	Book-keeper
004950117_00553_29.jpg	Laborer
004950117_00614_14.jpg	None
004950117_00625_32.jpg	None
004950117_00606_08.jpg	None
004950117_00633_47.jpg	Book Keeper
004950117_00596_43.jpg	None
004950117_00632_01.jpg	None
004950117_00572_24.jpg	Truck driver
004950117_00618_15.jpg	Manager
004950117_00554_27.jpg	Laborer
004950117_00552_09.jpg	none
004950117_00627_27.jpg	None
004950117_00533_18.jpg	Labores
004950117_00522_32.jpg	none
004950117_00548_27.jpg	technician
004950117_00616_34.jpg	None
004950117_00568_35.jpg	Barber
004950117_00540_48.jpg	none
004950117_00639_04.jpg	None
004950117_00613_06.jpg	rabbit raiser
004950117_00540_46.jpg	none
004950117_00529_25.jpg
004950117_00537_44.jpg	none
004950117_00541_09.jpg	none
004950117_00553_31.jpg	Laborer
004950117_00512_03.jpg	none
004950117_00589_06.jpg	None
004950117_00542_32.jpg	none
004950117_00580_39.jpg	Servant
004950117_00568_04.jpg	none
004950117_00612_04.jpg	None
004950117_00547_47.jpg	none
004950117_00626_08.jpg	None
004950117_00550_44.jpg	none
004950117_00640_25.jpg	None
004950117_00566_17.jpg	none
004950117_00601_00.jpg	Cutter
004950117_00568_42.jpg	Laborer
004950117_00615_48.jpg	Farmer
004950117_00535_03.jpg	none
004950117_00616_04.jpg	none
004950117_00576_30.jpg	Clergyman
004950117_00528_37.jpg
004950117_00523_15.jpg	none
004950117_00557_04.jpg	none
004950117_00563_18.jpg	none
004950117_00546_31.jpg	truck driver
004950117_00639_44.jpg	None
004950117_00551_25.jpg	none
004950117_00527_09.jpg	Nurse
004950117_00573_07.jpg
004950117_00542_17.jpg	none
004950117_00537_23.jpg	Asst Cashier
004950117_00509_22.jpg	none
004950117_00557_09.jpg	none
004950117_00524_36.jpg	Bookeeper
004950117_00549_47.jpg	Laborer
004950117_00617_06.jpg	laborer
004950117_00599_02.jpg	None
004950117_00525_34.jpg	Decorater
004950117_00510_15.jpg	none
004950117_00538_00.jpg	Cleaner
004950117_00600_38.jpg	Laborer
004950117_00602_17.jpg	Salesman
004950117_00600_42.jpg	None
004950117_00534_32.jpg	none
004950117_00521_27.jpg	Laborer
004950117_00576_39.jpg	Laborer
004950117_00641_16.jpg	None
004950117_00590_09.jpg	Salesman
004950117_00514_05.jpg	none
004950117_00575_21.jpg	None
004950117_00526_16.jpg	none
004950117_00555_38.jpg	Laborer
004950117_00517_35.jpg	Operator
004950117_00576_34.jpg	None
004950117_00511_27.jpg	Gardner
004950117_00526_07.jpg	none
004950117_00556_13.jpg	none
004950117_00561_13.jpg	none
004950117_00520_26.jpg	manager
004950117_00509_24.jpg	none
004950117_00545_10.jpg	none
004950117_00630_32.jpg	Factory Worker
004950117_00602_10.jpg	Painter
004950117_00583_44.jpg	None
004950117_00534_19.jpg	none
004950117_00611_47.jpg	None
004950117_00590_34.jpg	None
004950117_00590_17.jpg	None
004950117_00594_14.jpg	None
004950117_00618_10.jpg	None
004950117_00586_48.jpg	None
004950117_00633_00.jpg	Laborer
004950117_00619_24.jpg	Secretary
004950117_00585_46.jpg	Book-keeper
004950117_00612_44.jpg	None
004950117_00554_14.jpg	none
004950117_00525_33.jpg	Contractor
004950117_00534_17.jpg	none
004950117_00598_08.jpg	None
004950117_00617_45.jpg	None
004950117_00563_33.jpg	Laborer
004950117_00595_00.jpg	None
004950117_00602_42.jpg	None
004950117_00511_01.jpg	none
004950117_00611_36.jpg	Carpenter
004950117_00597_09.jpg	Retail Merchant
004950117_00571_10.jpg	none
004950117_00545_15.jpg	House-keeper
004950117_00550_09.jpg	none
004950117_00563_19.jpg	none
004950117_00639_18.jpg	None
004950117_00632_45.jpg	None
004950117_00511_36.jpg	none
004950117_00607_33.jpg	None
004950117_00571_15.jpg	Merchant
004950117_00590_13.jpg	Laborer
004950117_00522_00.jpg	Laborer
004950117_00565_17.jpg	Laborer
004950117_00568_32.jpg	Laborer
004950117_00541_12.jpg	Dress maker
004950117_00554_09.jpg	Laborer
004950117_00589_01.jpg	None
004950117_00620_20.jpg	none
004950117_00522_22.jpg	none
004950117_00579_33.jpg	None
004950117_00620_46.jpg	None
004950117_00588_01.jpg	Dealer
004950117_00614_26.jpg	laborer
004950117_00517_26.jpg	none
004950117_00612_25.jpg	salesman
004950117_00513_07.jpg	Longshoreman
004950117_00638_24.jpg	None
004950117_00613_02.jpg	None
004950117_00543_45.jpg	Laborer
004950117_00528_36.jpg
004950117_00519_31.jpg	none
004950117_00632_32.jpg	None
004950117_00606_00.jpg	None
004950117_00582_34.jpg	Lineman
004950117_00540_00.jpg	none
004950117_00522_23.jpg	none
004950117_00585_26.jpg	None
004950117_00517_16.jpg	Vice President
004950117_00599_15.jpg	None
004950117_00601_26.jpg	None
004950117_00523_06.jpg	none
004950117_00602_16.jpg	None
004950117_00540_10.jpg	Teacher
004950117_00626_12.jpg	None
004950117_00528_49.jpg
004950117_00639_03.jpg	None
004950117_00521_39.jpg	none
004950117_00557_34.jpg	none
004950117_00525_16.jpg	none
004950117_00599_42.jpg	None
004950117_00568_21.jpg	none
004950117_00525_42.jpg	none
004950117_00575_07.jpg	None
004950117_00633_46.jpg	Clerk
004950117_00550_07.jpg	none
004950117_00511_11.jpg	none
004950117_00569_16.jpg	none
004950117_00641_40.jpg	None
004950117_00580_41.jpg	None
004950117_00520_21.jpg	none
004950117_00593_00.jpg	Salesman
004950117_00639_29.jpg	None
004950117_00537_48.jpg	Artist
004950117_00631_14.jpg	None
004950117_00636_06.jpg	Laborer
004950117_00618_09.jpg	None
004950117_00570_06.jpg	none
004950117_00529_37.jpg
004950117_00629_00.jpg	None
004950117_00603_39.jpg	Truck Driver
004950117_00527_47.jpg	none
004950117_00549_03.jpg	none
004950117_00579_39.jpg	None
004950117_00553_26.jpg	none
004950117_00542_03.jpg	none
004950117_00588_46.jpg	None
004950117_00560_29.jpg	none
004950117_00529_17.jpg	Salesman
004950117_00586_45.jpg	Dealer
004950117_00575_02.jpg	Retail Merchant
004950117_00616_14.jpg	None
004950117_00545_34.jpg	none
004950117_00630_42.jpg	None
004950117_00534_10.jpg	Nurse
004950117_00556_08.jpg	none
004950117_00554_36.jpg	none
004950117_00595_06.jpg	None
004950117_00633_44.jpg	Laborer
004950117_00631_33.jpg	None
004950117_00605_17.jpg	None
004950117_00526_00.jpg	Guard
004950117_00572_44.jpg	Waitress
004950117_00588_41.jpg	Carpenter
004950117_00586_47.jpg	None
004950117_00636_38.jpg	None
004950117_00580_16.jpg	Carpenter
004950117_00557_26.jpg	none
004950117_00630_45.jpg	Carpenter
004950117_00597_33.jpg	None
004950117_00583_34.jpg	None
004950117_00641_07.jpg	None
004950117_00517_48.jpg	none
004950117_00593_21.jpg	None
004950117_00571_49.jpg	none
004950117_00539_23.jpg	none
004950117_00587_23.jpg	None
004950117_00588_43.jpg	Accountant
004950117_00546_12.jpg	Laborer
004950117_00561_28.jpg	none
004950117_00625_35.jpg	None
004950117_00625_00.jpg	None
004950117_00541_26.jpg	Nurse
004950117_00622_10.jpg	None
004950117_00565_49.jpg	Teacher
004950117_00622_33.jpg
004950117_00513_02.jpg	none
004950117_00638_22.jpg	None
004950117_00640_38.jpg	None
004950117_00589_09.jpg	None
004950117_00568_45.jpg	none
004950117_00631_29.jpg	None
004950117_00600_26.jpg	None
004950117_00516_36.jpg	Oil man
004950117_00523_19.jpg	none
004950117_00527_19.jpg	Nurse
004950117_00584_39.jpg	None
004950117_00541_03.jpg	none
004950117_00586_29.jpg	None
004950117_00572_03.jpg	none
004950117_00603_22.jpg	None
004950117_00578_31.jpg	None
004950117_00547_03.jpg	none
004950117_00535_00.jpg	none
004950117_00524_43.jpg	Laborer
004950117_00581_21.jpg	None
004950117_00521_38.jpg	Electrician
004950117_00602_20.jpg	None
004950117_00539_00.jpg	Land-lady
004950117_00561_44.jpg	none
004950117_00618_20.jpg	None
004950117_00527_35.jpg	Fireman
004950117_00512_07.jpg	none
004950117_00525_22.jpg	Manager
004950117_00552_49.jpg	Foreman
004950117_00568_31.jpg	none
004950117_00614_09.jpg	None
004950117_00563_45.jpg	none
004950117_00566_27.jpg	Mechanic
004950117_00564_46.jpg	none
004950117_00533_14.jpg	none
004950117_00606_17.jpg	Trucker
004950117_00550_40.jpg	none
004950117_00512_36.jpg	Laborer
004950117_00563_15.jpg	none
004950117_00607_45.jpg	None
004950117_00523_41.jpg	Painter
004950117_00573_35.jpg
004950117_00588_31.jpg	None
004950117_00556_02.jpg	none
004950117_00567_11.jpg	none
004950117_00587_41.jpg	None
004950117_00554_12.jpg	none
004950117_00603_18.jpg	Proprietor
004950117_00519_13.jpg	Laborer
004950117_00561_26.jpg	none
004950117_00578_27.jpg	Manager
004950117_00619_31.jpg	none
004950117_00516_48.jpg	foreman
004950117_00524_42.jpg	none
004950117_00589_18.jpg	Book-keeper
004950117_00615_21.jpg	laborer
004950117_00566_42.jpg	Laborer
004950117_00640_27.jpg	None
004950117_00633_05.jpg	Laborer
004950117_00603_43.jpg	Nurse
004950117_00632_48.jpg
004950117_00572_12.jpg	none
004950117_00637_41.jpg	Laborer
004950117_00573_33.jpg
004950117_00521_32.jpg	none
004950117_00533_40.jpg	none
004950117_00556_26.jpg	none
004950117_00641_27.jpg	Laborer
004950117_00537_12.jpg	none
004950117_00624_16.jpg	Laborer
004950117_00573_11.jpg
004950117_00593_03.jpg	None
004950117_00546_11.jpg	Machinist
004950117_00572_05.jpg	none
004950117_00565_23.jpg	Maid
004950117_00585_23.jpg	Salesman
004950117_00598_05.jpg	Farmer
004950117_00596_19.jpg	None
004950117_00640_47.jpg	None
004950117_00528_34.jpg
004950117_00580_20.jpg	None
004950117_00573_23.jpg
004950117_00560_07.jpg	none
004950117_00511_24.jpg	none
004950117_00632_41.jpg	None
004950117_00612_47.jpg	truck driver
004950117_00602_33.jpg	None
004950117_00538_22.jpg	none
004950117_00594_19.jpg	Operator
004950117_00523_31.jpg	none
004950117_00569_33.jpg	Clerk
004950117_00604_38.jpg
004950117_00515_00.jpg	Longshoreman
004950117_00557_35.jpg	none
004950117_00613_09.jpg	Truck driver
004950117_00516_06.jpg	Fireman
004950117_00584_37.jpg	None
004950117_00594_12.jpg	None
004950117_00518_47.jpg	none
004950117_00528_40.jpg
004950117_00533_47.jpg
004950117_00535_17.jpg	none
004950117_00597_36.jpg	None
004950117_00560_45.jpg	Truck driver
004950117_00512_02.jpg	none
004950117_00620_08.jpg	Farmer
004950117_00561_18.jpg	none
004950117_00570_03.jpg	none
004950117_00620_41.jpg	None
004950117_00546_02.jpg	Driver
004950117_00523_00.jpg	Boatman
004950117_00620_23.jpg	laborer
004950117_00564_39.jpg	Truck driver
004950117_00567_21.jpg	none
004950117_00623_24.jpg	None
004950117_00574_41.jpg
004950117_00552_42.jpg	Laborer
004950117_00597_11.jpg	Salesman
004950117_00520_33.jpg	none
004950117_00631_10.jpg	Laborer
004950117_00540_35.jpg	none
004950117_00622_07.jpg	None
004950117_00624_04.jpg	None
004950117_00517_46.jpg	Cashier
004950117_00516_33.jpg	none
004950117_00611_38.jpg	None
004950117_00581_39.jpg	Proprietor
004950117_00551_05.jpg	House work
004950117_00590_16.jpg	None
004950117_00579_37.jpg	None
004950117_00619_34.jpg	None
004950117_00624_17.jpg	Stenographer
004950117_00576_19.jpg	Designer
004950117_00625_18.jpg	None
004950117_00569_12.jpg	Laborer
004950117_00638_31.jpg	Laborer
004950117_00550_36.jpg	Laborer
004950117_00612_13.jpg	None
004950117_00640_20.jpg	None
004950117_00521_36.jpg	None
004950117_00535_43.jpg	Mechanic
004950117_00563_46.jpg	none
004950117_00551_14.jpg	none
004950117_00512_46.jpg	Packer
004950117_00574_18.jpg
004950117_00565_25.jpg	none
004950117_00633_02.jpg	milker
004950117_00510_32.jpg	none
004950117_00526_39.jpg	none
004950117_00611_35.jpg	None
004950117_00599_25.jpg	None
004950117_00598_03.jpg	Foreman
004950117_00639_07.jpg	Laborer
004950117_00580_33.jpg	None
004950117_00576_48.jpg	None
004950117_00540_08.jpg	none
004950117_00574_00.jpg
004950117_00592_35.jpg	Contractor
004950117_00612_26.jpg	None
004950117_00619_08.jpg	none
004950117_00570_24.jpg	none
004950117_00567_35.jpg	Laborer
004950117_00516_38.jpg	none
004950117_00544_26.jpg	dressmaker
004950117_00637_48.jpg	Laborer
004950117_00515_47.jpg	none
004950117_00602_47.jpg	None
004950117_00640_24.jpg	None
004950117_00589_36.jpg	None
004950117_00539_39.jpg	none
004950117_00533_43.jpg	Laborer
004950117_00626_01.jpg	None
004950117_00580_34.jpg	None
004950117_00535_27.jpg	none
004950117_00520_06.jpg	Laborer
004950117_00624_30.jpg	Retired
004950117_00518_49.jpg	Laborer
004950117_00510_40.jpg	Mattress Maker
004950117_00620_13.jpg	Foreman
004950117_00613_21.jpg	None
004950117_00553_37.jpg	none
004950117_00594_25.jpg	None
004950117_00546_24.jpg	none
004950117_00601_38.jpg	None
004950117_00514_34.jpg	Proprietor
004950117_00607_05.jpg	None
004950117_00577_25.jpg	Book-keeper
004950117_00627_11.jpg	Laborer
004950117_00594_01.jpg	None
004950117_00564_09.jpg	none
004950117_00623_31.jpg	None
004950117_00537_49.jpg	Mechanic
004950117_00543_29.jpg	none
004950117_00607_18.jpg	stenographer
004950117_00558_12.jpg	none
004950117_00542_44.jpg	none
004950117_00589_22.jpg	None
004950117_00635_22.jpg	None
004950117_00575_06.jpg	Laborer
004950117_00547_32.jpg	none
004950117_00585_37.jpg	Meat Cutter
004950117_00570_27.jpg	none
004950117_00541_33.jpg	none
004950117_00543_21.jpg	none
004950117_00566_37.jpg	none
004950117_00637_13.jpg	None
004950117_00635_16.jpg	None
004950117_00619_10.jpg	none
004950117_00514_02.jpg	none
004950117_00569_46.jpg	none
004950117_00524_47.jpg	none
004950117_00589_19.jpg	None
004950117_00572_22.jpg	none
004950117_00540_11.jpg	none
004950117_00626_35.jpg	None
004950117_00555_17.jpg	none
004950117_00515_33.jpg	none
004950117_00577_14.jpg	None
004950117_00594_18.jpg	Operator
004950117_00566_29.jpg	none
004950117_00545_36.jpg	Laborer
004950117_00593_31.jpg	None
004950117_00617_02.jpg	truck driver
004950117_00559_09.jpg	Laborer
004950117_00598_47.jpg	Painter
004950117_00580_22.jpg	None
004950117_00581_10.jpg	Book-keeper
004950117_00539_38.jpg	Truck driver
004950117_00591_46.jpg	Dealer
004950117_00623_29.jpg	None
004950117_00577_05.jpg
004950117_00564_33.jpg	none
004950117_00616_08.jpg	None
004950117_00539_22.jpg	Teller
004950117_00515_22.jpg	none
004950117_00555_08.jpg	Laborer
004950117_00584_09.jpg	None
004950117_00636_49.jpg	None
004950117_00612_34.jpg	Cook
004950117_00515_44.jpg	none
004950117_00575_13.jpg	Driller
004950117_00569_38.jpg	Cook
004950117_00640_22.jpg	None
004950117_00588_32.jpg	None
004950117_00586_05.jpg	None
004950117_00578_32.jpg	Manager
004950117_00520_00.jpg	Longshoreman
004950117_00618_17.jpg	None
004950117_00545_26.jpg	none
004950117_00525_26.jpg	none
004950117_00598_27.jpg	None
004950117_00601_10.jpg	None
004950117_00570_08.jpg	Watchman
004950117_00632_46.jpg	None
004950117_00559_18.jpg	none
004950117_00614_34.jpg	salesman
004950117_00635_13.jpg	Milker
004950117_00583_36.jpg	None
004950117_00527_04.jpg	Dictictian
004950117_00603_04.jpg	Mechanical Engine
004950117_00617_38.jpg	Foreman
004950117_00548_49.jpg	Book-keeper
004950117_00583_13.jpg	None
004950117_00524_20.jpg	Laborer
004950117_00640_32.jpg	Clerk
004950117_00514_38.jpg	Laborer
004950117_00549_13.jpg	none
004950117_00544_24.jpg	none
004950117_00618_25.jpg	dairy operator
004950117_00621_26.jpg	None
004950117_00510_29.jpg	none
004950117_00588_21.jpg	None
004950117_00569_39.jpg	none
004950117_00617_35.jpg	None
004950117_00546_26.jpg	none
004950117_00617_10.jpg	none
004950117_00634_38.jpg	None
004950117_00515_12.jpg	none
004950117_00537_19.jpg	Office assist
004950117_00583_25.jpg	None
004950117_00641_12.jpg	None
004950117_00623_22.jpg	None
004950117_00551_40.jpg	Laborer
004950117_00616_41.jpg	none
004950117_00620_45.jpg	None
004950117_00590_15.jpg	None
004950117_00561_19.jpg	Trucking
004950117_00613_42.jpg	None
004950117_00552_01.jpg	none
004950117_00519_05.jpg	none
004950117_00546_36.jpg	milker
004950117_00568_01.jpg	none
004950117_00617_14.jpg	laborer
004950117_00641_43.jpg	Laborer
004950117_00605_49.jpg	None
004950117_00628_18.jpg	None
004950117_00546_30.jpg	none
004950117_00623_27.jpg	None
004950117_00622_06.jpg	None
004950117_00573_00.jpg	laborer
004950117_00574_17.jpg
004950117_00582_48.jpg	None
004950117_00604_46.jpg
004950117_00614_00.jpg	none
004950117_00551_43.jpg	Laborer
004950117_00578_23.jpg	None
004950117_00526_30.jpg	Cook
004950117_00607_06.jpg	None
004950117_00632_35.jpg	None
004950117_00594_30.jpg	None
004950117_00632_18.jpg
004950117_00615_45.jpg	None
004950117_00538_42.jpg	none
004950117_00560_23.jpg	none
004950117_00571_01.jpg	Grocery man
004950117_00594_15.jpg	Manager
004950117_00515_06.jpg	none
004950117_00530_29.jpg
004950117_00604_08.jpg	None
004950117_00525_27.jpg	none
004950117_00591_11.jpg	Plumber
004950117_00629_02.jpg	None
004950117_00553_24.jpg	none
004950117_00630_27.jpg	None
004950117_00570_09.jpg	none
004950117_00580_07.jpg	None
004950117_00530_10.jpg
004950117_00583_08.jpg	Plasterer
004950117_00558_14.jpg	none
004950117_00509_19.jpg	none
004950117_00570_15.jpg	House-keeper
004950117_00534_02.jpg	none
004950117_00642_09.jpg	None
004950117_00634_14.jpg	None
004950117_00607_04.jpg	None
004950117_00610_03.jpg	None
004950117_00529_43.jpg
004950117_00538_37.jpg	none
004950117_00638_44.jpg	None
004950117_00564_37.jpg	Barber
004950117_00575_15.jpg	None
004950117_00585_42.jpg	None
004950117_00586_15.jpg	None
004950117_00600_37.jpg	None
004950117_00543_00.jpg	none
004950117_00603_10.jpg	None
004950117_00564_17.jpg	Waitress
004950117_00568_37.jpg	Laborer
004950117_00563_24.jpg	none
004950117_00537_32.jpg	none
004950117_00557_14.jpg	none
004950117_00599_09.jpg	Buyer
004950117_00537_47.jpg	none
004950117_00593_28.jpg	None
004950117_00529_27.jpg
004950117_00574_28.jpg
004950117_00583_09.jpg	None
004950117_00592_15.jpg	None
004950117_00549_07.jpg	none
004950117_00525_02.jpg	Longshoreman
004950117_00564_01.jpg	none
004950117_00634_26.jpg	None
004950117_00537_25.jpg	none
004950117_00629_12.jpg	None
004950117_00614_03.jpg	none
004950117_00579_04.jpg	None
004950117_00560_22.jpg	none
004950117_00628_09.jpg	None
004950117_00615_49.jpg	None
004950117_00600_01.jpg	None
004950117_00515_16.jpg	Truck Driver
004950117_00535_46.jpg	Laborer
004950117_00587_45.jpg	None
004950117_00602_04.jpg	None
004950117_00631_11.jpg	None
004950117_00611_01.jpg	None
004950117_00510_34.jpg	none
004950117_00625_28.jpg	Car Salesman
004950117_00622_16.jpg	Cook
004950117_00611_48.jpg	None
004950117_00523_32.jpg	none
004950117_00635_07.jpg	None
004950117_00612_06.jpg	trained nurse
004950117_00583_42.jpg	None
004950117_00638_03.jpg	Laborer
004950117_00548_11.jpg	none
004950117_00545_23.jpg	none
004950117_00595_46.jpg	None
004950117_00627_15.jpg	None
004950117_00558_25.jpg	none
004950117_00540_45.jpg	none
004950117_00612_49.jpg	None
004950117_00631_24.jpg	Milker
004950117_00511_12.jpg	none
004950117_00565_36.jpg	rancher
004950117_00569_13.jpg	Laborer
004950117_00574_24.jpg
004950117_00548_42.jpg	Book-keeper
004950117_00623_39.jpg	None
004950117_00537_40.jpg	Housekeeper
004950117_00559_05.jpg	none
004950117_00633_32.jpg	Milker
004950117_00541_38.jpg	Contractor
004950117_00510_02.jpg	none
004950117_00617_03.jpg	truck driver
004950117_00528_21.jpg
004950117_00534_40.jpg	none
004950117_00595_21.jpg	None
004950117_00629_28.jpg	Milker
004950117_00509_02.jpg	none
004950117_00557_06.jpg	none
004950117_00615_39.jpg	milker
004950117_00596_44.jpg	None
004950117_00551_46.jpg	none
004950117_00521_08.jpg	Mechanic
004950117_00630_40.jpg	None
004950117_00595_29.jpg	Laborer
004950117_00551_42.jpg	Laborer
004950117_00561_10.jpg	none
004950117_00574_13.jpg
004950117_00564_07.jpg	Laborer
004950117_00591_32.jpg	None
004950117_00546_01.jpg	Farmer
004950117_00552_40.jpg	Laborer
004950117_00526_14.jpg	none
004950117_00624_24.jpg	None
004950117_00558_23.jpg	Laborer
004950117_00604_24.jpg	None
004950117_00563_17.jpg	none
004950117_00544_33.jpg	none
004950117_00577_48.jpg	None
004950117_00565_00.jpg	Bus driver
004950117_00519_01.jpg	none
004950117_00602_27.jpg	None
004950117_00612_39.jpg	None
004950117_00548_23.jpg	Painter
004950117_00514_13.jpg	none
004950117_00611_20.jpg	None
004950117_00555_46.jpg	none
004950117_00574_36.jpg
004950117_00576_46.jpg	Chef
004950117_00620_48.jpg	None
004950117_00586_22.jpg	None
004950117_00546_29.jpg	Laborer
004950117_00548_06.jpg	Farmer
004950117_00617_16.jpg	None
004950117_00608_05.jpg	None
004950117_00612_05.jpg	None
004950117_00586_03.jpg	None
004950117_00591_24.jpg	None
004950117_00570_47.jpg	none
004950117_00624_19.jpg	Laborer
004950117_00611_30.jpg	None
004950117_00615_40.jpg	driver
004950117_00634_24.jpg	None
004950117_00511_21.jpg	none
004950117_00601_32.jpg	None
004950117_00529_40.jpg
004950117_00637_47.jpg	None
004950117_00577_43.jpg	None
004950117_00510_39.jpg	none
004950117_00564_28.jpg	Fire man
004950117_00553_38.jpg	none
004950117_00592_06.jpg	None
004950117_00542_04.jpg	none
004950117_00611_49.jpg	None
004950117_00547_33.jpg	none
004950117_00613_03.jpg	Civil engineer
004950117_00559_36.jpg	none
004950117_00636_03.jpg	None
004950117_00510_42.jpg	none
004950117_00520_02.jpg	Salesman
004950117_00538_33.jpg	none
004950117_00566_32.jpg	Salesman
004950117_00632_33.jpg	Retired
004950117_00551_18.jpg	Store Keeper
004950117_00587_06.jpg	Salesman
004950117_00515_26.jpg	Bookeeper
004950117_00595_35.jpg	Laborer
004950117_00621_32.jpg	None
004950117_00621_05.jpg	Foreman
004950117_00513_06.jpg	none
004950117_00603_20.jpg	None
004950117_00628_40.jpg	Retired
004950117_00577_21.jpg	Clerk
004950117_00596_28.jpg	None
004950117_00592_19.jpg	Car Repairer
004950117_00551_04.jpg	Laborer
004950117_00569_19.jpg	none
004950117_00611_05.jpg	None
004950117_00550_41.jpg	none
004950117_00622_39.jpg
004950117_00529_08.jpg	none
004950117_00591_45.jpg	Cook
004950117_00593_49.jpg	None
004950117_00606_16.jpg	Oil worker
004950117_00618_32.jpg	None
004950117_00534_34.jpg	none
004950117_00606_10.jpg	None
004950117_00585_00.jpg	None
004950117_00607_38.jpg	none
004950117_00577_01.jpg	Teacher
004950117_00565_31.jpg	Cook
004950117_00520_07.jpg	none
004950117_00637_12.jpg	None
004950117_00559_25.jpg	none
004950117_00552_16.jpg	none
004950117_00622_20.jpg	laborer
004950117_00517_21.jpg	Milkman
004950117_00639_10.jpg	None
004950117_00598_02.jpg	None
004950117_00510_04.jpg	none
004950117_00573_19.jpg
004950117_00576_41.jpg	None
004950117_00511_48.jpg	Clerk
004950117_00634_11.jpg	None
004950117_00571_37.jpg	none
004950117_00618_14.jpg	Milker
004950117_00518_40.jpg	Laborer
004950117_00527_46.jpg	none
004950117_00628_35.jpg	Auto Mechanic
004950117_00518_36.jpg	none
004950117_00527_11.jpg	Nurse
004950117_00629_07.jpg	None
004950117_00530_18.jpg
004950117_00619_25.jpg	None
004950117_00622_26.jpg	Auto Mechanic
004950117_00561_07.jpg	Laborer
004950117_00575_43.jpg	None
004950117_00623_21.jpg	Gardener
004950117_00522_11.jpg	none
004950117_00609_38.jpg	None
004950117_00537_14.jpg	none
004950117_00580_19.jpg	Carpenter
004950117_00618_03.jpg	None
004950117_00592_41.jpg	None
004950117_00556_41.jpg	none
004950117_00577_31.jpg	None
004950117_00514_20.jpg	Laborer
004950117_00522_47.jpg	Captain
004950117_00623_12.jpg	Truck Driver
004950117_00561_41.jpg	none
004950117_00517_01.jpg	none
004950117_00631_46.jpg	None
004950117_00564_19.jpg	cook
004950117_00546_21.jpg	none
004950117_00610_12.jpg	None
004950117_00612_02.jpg	None
004950117_00604_11.jpg	None
004950117_00641_30.jpg	None
004950117_00570_13.jpg	Electrician
004950117_00510_22.jpg	Fisherman
004950117_00614_49.jpg	teacher
004950117_00626_46.jpg	None
004950117_00602_06.jpg	None
004950117_00522_35.jpg	None
004950117_00594_35.jpg	None
004950117_00548_35.jpg	none
004950117_00544_21.jpg	none
004950117_00595_34.jpg	None
004950117_00578_22.jpg	Carpenter
004950117_00550_21.jpg	Grocery-man
004950117_00546_32.jpg	none
004950117_00529_48.jpg
004950117_00637_35.jpg	None
004950117_00550_23.jpg	none
004950117_00576_25.jpg	None
004950117_00571_40.jpg	Salesman
004950117_00557_45.jpg	none
004950117_00565_33.jpg	none
004950117_00563_32.jpg	none
004950117_00627_05.jpg	Milker
004950117_00524_34.jpg	Lumberman
004950117_00627_10.jpg	Laborer
004950117_00546_15.jpg	none
004950117_00591_07.jpg	None
004950117_00637_25.jpg	None
004950117_00625_37.jpg	Retired
004950117_00571_21.jpg	Office man
004950117_00605_46.jpg	Mechanic
004950117_00634_36.jpg	None
004950117_00581_29.jpg	None
004950117_00597_42.jpg	Proprietor
004950117_00512_31.jpg	Packer
004950117_00517_15.jpg	none
004950117_00633_27.jpg	Milker
004950117_00509_20.jpg	carpenter
004950117_00574_04.jpg
004950117_00513_00.jpg	Longshoreman
004950117_00544_36.jpg	none
004950117_00609_39.jpg	Farmer
004950117_00589_23.jpg	None
004950117_00607_47.jpg	none
004950117_00533_09.jpg	none
004950117_00620_30.jpg	None
004950117_00610_07.jpg	None
004950117_00553_12.jpg	none
004950117_00570_12.jpg	none
004950117_00568_39.jpg	none
004950117_00583_21.jpg	None
004950117_00641_42.jpg	None
004950117_00561_47.jpg	none
004950117_00526_01.jpg	none
004950117_00545_03.jpg	none
004950117_00547_26.jpg	auditor
004950117_00641_46.jpg	None
004950117_00509_07.jpg	none
004950117_00521_45.jpg	Laborer
004950117_00629_47.jpg	Milker
004950117_00621_24.jpg	None
004950117_00606_38.jpg	Laborer
004950117_00580_29.jpg	None
004950117_00529_46.jpg
004950117_00514_49.jpg	Mechanic
004950117_00610_16.jpg	None
004950117_00641_03.jpg	None
004950117_00576_28.jpg	None
004950117_00549_38.jpg	Laborer
004950117_00509_16.jpg	none
004950117_00610_13.jpg	None
004950117_00600_47.jpg	None
004950117_00609_49.jpg	None
004950117_00534_46.jpg	gardener
004950117_00516_45.jpg	none
004950117_00603_37.jpg	None
004950117_00566_00.jpg	Laborer
004950117_00598_22.jpg	Laborer
004950117_00597_24.jpg	None
004950117_00604_41.jpg
004950117_00517_18.jpg	none
004950117_00529_22.jpg	None
004950117_00596_04.jpg	None
004950117_00519_00.jpg	none
004950117_00638_11.jpg	Laborer
004950117_00517_00.jpg	none
004950117_00518_14.jpg	none
004950117_00573_34.jpg
004950117_00552_29.jpg	none
004950117_00639_38.jpg	Retired
004950117_00629_45.jpg	None
004950117_00620_36.jpg	None
004950117_00523_39.jpg	none
004950117_00558_30.jpg	none
004950117_00614_43.jpg	None
004950117_00545_11.jpg	none
004950117_00618_36.jpg	Milker
004950117_00581_46.jpg	None
004950117_00639_46.jpg	None
004950117_00543_46.jpg	Book-keeper
004950117_00633_12.jpg	Laborer
004950117_00519_04.jpg	Laborer
004950117_00615_18.jpg	none
004950117_00572_08.jpg	none
004950117_00594_07.jpg	Dealer
004950117_00559_03.jpg	gas station
004950117_00515_28.jpg	none
004950117_00561_45.jpg	none
004950117_00604_35.jpg
004950117_00635_08.jpg	None
004950117_00614_35.jpg	stengographer
004950117_00616_11.jpg	None
004950117_00604_18.jpg	None
004950117_00556_25.jpg	none
004950117_00615_12.jpg	None
004950117_00533_02.jpg	none
004950117_00515_41.jpg	none
004950117_00573_46.jpg
004950117_00525_45.jpg	Proprietor
004950117_00639_31.jpg	Merchant
004950117_00603_12.jpg	None
004950117_00577_06.jpg	None
004950117_00570_02.jpg	none
004950117_00512_08.jpg	none
004950117_00548_09.jpg	Laborer
004950117_00569_27.jpg	Laborer
004950117_00512_14.jpg	Proprietor
004950117_00626_03.jpg	Retired
004950117_00539_08.jpg	none
004950117_00638_13.jpg	None
004950117_00555_11.jpg	none
